{"stats":{"minecraft:picked_up":{"minecraft:comparator":1},"minecraft:custom":{"minecraft:time_since_rest":58399,"minecraft:play_one_minute":58399,"minecraft:crouch_one_cm":26,"minecraft:inspect_dropper":2,"minecraft:walk_one_cm":887,"minecraft:sneak_time":4264,"minecraft:jump":4,"minecraft:inspect_hopper":2,"minecraft:leave_game":2,"minecraft:time_since_death":58399,"minecraft:fly_one_cm":10588},"minecraft:used":{"minecraft:redstone_torch":1,"minecraft:sticky_piston":7,"minecraft:piston":8,"minecraft:repeater":1,"minecraft:soul_sand":4,"minecraft:comparator":6,"minecraft:dropper":5,"minecraft:hopper":28,"minecraft:iron_block":62,"minecraft:dispenser":11,"minecraft:redstone":9,"minecraft:chest":6,"minecraft:observer":27}},"DataVersion":1976}